case_id,source_dataset,case_type,l2_expected_action,l1_correct,dropped_after_l1,l2_action_correct,l2_tag_correct,l2_warn_type_correct,l2_draft_route_correct,l2_draft_required_tools_satisfied,l2_draft_forbidden_tools_avoided,l2_finalize_without_draft,l2_false_positive,l2_false_negative,l2_primary_correct,l2_joint_correct,l3_mode,l3_withdraw_called,l3_required_tools_satisfied,l3_forbidden_tools_avoided,l3_control_recovery_pass,l3_pass,l3_status,l3_desired_correct,tool_sequence_valid,latency_l1_ms,latency_l2_ms,latency_l3_ms,tokens_in,tokens_out
medqa_text::dev-00336,medqa_text,control,draft,False,True,False,,,False,False,True,False,False,False,False,False,none,,,,,,not_triggered_expected,True,True,254887.0,,,424,5840
medqa_text::dev-00527,medqa_text,intervention,warn,True,False,True,False,False,False,True,True,False,False,False,False,False,none,,,,,,not_triggered_expected,True,True,223201.0,66338.0,,8749,5998
medqa_text::dev-00988,medqa_text,control,draft,True,False,True,,,True,True,True,False,False,False,True,True,none,,,,,,not_triggered_expected,True,True,166265.0,40287.0,,5559,4664
medqa_text::dev-00606,medqa_text,control,draft,True,False,True,,,True,True,True,False,False,False,True,True,none,,,,,,not_triggered_expected,True,True,134882.0,106581.0,,9197,5215
medqa_text::dev-00696,medqa_text,control,draft,True,False,True,,,False,False,True,False,False,False,False,False,none,,,,,,not_triggered_expected,True,False,52539.0,71171.0,,8759,2356
medqa_text::dev-00235,medqa_text,intervention,warn,True,False,False,False,False,False,True,True,False,False,True,False,False,none,,,,,,not_triggered_expected,True,True,65111.0,109658.0,,8704,3632
medqa_text::dev-00964,medqa_text,intervention,warn,True,False,True,False,False,False,True,True,False,False,False,False,False,none,,,,,,not_triggered_expected,True,True,50335.0,54412.0,,8596,1908
medqa_text::dev-00154,medqa_text,control,draft,True,False,True,,,True,True,True,False,False,False,True,True,none,,,,,,not_triggered_expected,True,True,135290.0,40642.0,,5620,3830
medqa_text::dev-00290,medqa_text,control,draft,True,False,True,,,True,True,True,False,False,False,True,True,none,,,,,,not_triggered_expected,True,True,104377.0,43508.0,,5478,3359
medqa_text::dev-00466,medqa_text,intervention,warn,True,False,False,False,False,False,True,True,False,False,True,False,False,none,,,,,,not_triggered_expected,True,True,61984.0,65416.0,,5584,2353
medqa_text::dev-00821,medqa_text,control,draft,True,False,True,,,True,True,True,False,False,False,True,True,none,,,,,,not_triggered_expected,True,True,316580.0,51646.0,,5553,8358
medqa_text::dev-01152,medqa_text,intervention,warn,True,False,True,False,False,False,True,True,False,False,False,False,False,none,,,,,,not_triggered_expected,True,True,74291.0,75317.0,,8941,2918
medqa_text::dev-00757,medqa_text,control,draft,True,False,True,,,True,True,True,False,False,False,True,True,none,,,,,,not_triggered_expected,True,True,47097.0,30610.0,,5671,1737
medqa_text::dev-00185,medqa_text,intervention,warn,True,False,True,True,True,False,True,True,False,False,False,True,True,intervention_reaffirm,,,,,True,pass,True,True,630553.0,83082.0,84306.0,19437,7865
medqa_text::dev-00818,medqa_text,intervention,warn,True,False,True,True,True,False,True,True,False,False,False,True,True,intervention_reaffirm,,,,,True,pass,True,True,137005.0,92687.0,64703.0,23932,5194
medqa_text::dev-00028,medqa_text,intervention,warn,True,False,False,False,False,False,True,True,False,False,True,False,False,none,,,,,,not_triggered_expected,True,True,92100.0,106922.0,,12309,4119
medqa_text::dev-00549,medqa_text,intervention,warn,True,False,True,False,False,False,True,True,False,False,False,False,False,none,,,,,,not_triggered_expected,True,True,143783.0,81312.0,,8773,4755
medqa_text::dev-01114,medqa_text,control,draft,True,False,False,,,False,False,False,False,True,False,False,False,control_recovery,True,True,True,True,True,pass,True,True,156392.0,74215.0,64390.0,18707,5976
medqa_text::dev-00257,medqa_text,intervention,warn,True,False,True,True,True,False,True,True,False,False,False,True,True,intervention_reaffirm,,,,,True,pass,True,True,214461.0,75569.0,60326.0,19304,7214
medqa_text::dev-00946,medqa_text,intervention,warn,True,False,True,True,True,False,True,True,False,False,False,True,True,intervention_reaffirm,,,,,False,fail,False,True,161714.0,81090.0,40411.0,15614,5565
medqa_text::dev-00767,medqa_text,intervention,warn,True,False,True,True,True,False,True,True,False,False,False,True,True,intervention_reaffirm,,,,,True,pass,True,True,101101.0,58282.0,69989.0,19346,4526
medqa_text::dev-00545,medqa_text,control,draft,True,False,False,,,False,False,False,False,True,False,False,False,control_recovery,False,False,True,False,False,fail,False,True,208696.0,84199.0,31407.0,11513,6797
medqa_text::dev-01219,medqa_text,intervention,warn,True,False,False,False,False,False,True,True,False,False,True,False,False,none,,,,,,not_triggered_expected,True,True,43574.0,34355.0,,5301,1732
medqa_text::dev-00795,medqa_text,intervention,warn,True,False,True,True,True,False,True,True,False,False,False,True,True,intervention_reaffirm,,,,,True,pass,True,True,190039.0,79005.0,65931.0,19307,6540
medqa_text::dev-00775,medqa_text,control,draft,True,False,True,,,True,True,True,False,False,False,True,True,none,,,,,,not_triggered_expected,True,True,79315.0,38466.0,,5538,2697
medqa_text::dev-00487,medqa_text,control,draft,True,False,True,,,False,False,True,False,False,False,False,False,none,,,,,,not_triggered_expected,True,True,126961.0,48554.0,,5617,3967
medqa_text::dev-00989,medqa_text,intervention,warn,True,False,True,True,True,False,True,True,False,False,False,True,True,none,,,,,,not_triggered_expected,True,False,285464.0,106456.0,,12669,8461
medqa_text::dev-00052,medqa_text,intervention,warn,True,False,True,True,True,False,True,True,False,False,False,True,True,intervention_reaffirm,,,,,False,fail,False,True,57019.0,64103.0,20184.0,11849,2542
medqa_text::dev-01177,medqa_text,control,draft,True,False,False,,,False,False,False,False,True,False,False,False,control_recovery,False,False,True,False,False,fail,False,True,69572.0,49863.0,42455.0,18744,3035
medqa_text::dev-00686,medqa_text,control,draft,True,False,True,,,False,False,True,False,False,False,False,False,none,,,,,,not_triggered_expected,True,True,101603.0,47387.0,,5680,3405
medqa_text::dev-00462,medqa_text,intervention,warn,True,False,True,False,False,False,True,True,False,False,False,False,False,none,,,,,,not_triggered_expected,True,True,64557.0,84848.0,,8652,2795
medqa_text::dev-00131,medqa_text,control,draft,True,False,True,,,False,False,True,False,False,False,False,False,none,,,,,,not_triggered_expected,True,True,46571.0,149377.0,,5642,4337
medqa_text::dev-00977,medqa_text,intervention,warn,True,False,True,True,True,False,True,True,False,False,False,True,True,intervention_reaffirm,,,,,True,pass,True,True,45311.0,81991.0,67000.0,19882,3417
medqa_text::dev-00635,medqa_text,control,draft,True,False,True,,,True,True,True,False,False,False,True,True,none,,,,,,not_triggered_expected,True,True,50706.0,50552.0,,5815,2123
medqa_text::dev-00862,medqa_text,intervention,warn,True,False,True,True,True,False,True,True,False,False,False,True,True,none,,,,,,not_triggered_expected,True,False,57815.0,89475.0,,9213,2840
medqa_text::dev-00245,medqa_text,intervention,warn,True,False,True,True,True,False,True,True,False,False,False,True,True,intervention_reaffirm,,,,,True,pass,True,True,52708.0,51920.0,63478.0,19255,2496
medqa_text::dev-00296,medqa_text,intervention,warn,True,False,False,False,False,False,True,True,False,False,True,False,False,none,,,,,,not_triggered_expected,True,True,101511.0,49191.0,,5742,2974
medqa_text::dev-00094,medqa_text,control,draft,True,False,True,,,True,True,True,False,False,False,True,True,none,,,,,,not_triggered_expected,True,True,149748.0,48544.0,,5493,4214
medqa_text::dev-00078,medqa_text,control,draft,True,False,False,,,False,False,False,False,True,False,False,False,control_recovery,True,True,True,True,True,pass,True,True,135945.0,87327.0,51275.0,25009,5553
medqa_text::dev-00645,medqa_text,control,draft,True,False,False,,,False,False,False,False,True,False,False,False,none,,,,,,not_triggered_expected,True,False,228593.0,86528.0,,8778,6867
medqa_text::dev-01045,medqa_text,intervention,warn,False,True,False,False,False,False,True,True,False,False,True,False,False,none,,,,,,not_triggered_expected,True,True,703093.0,,,322,7573
medqa_text::dev-00247,medqa_text,intervention,warn,True,False,True,False,False,False,True,True,False,False,False,False,False,none,,,,,,not_triggered_expected,True,True,89394.0,58938.0,,8857,2714
medqa_text::dev-00206,medqa_text,intervention,warn,True,False,True,False,False,False,True,True,False,False,False,False,False,none,,,,,,not_triggered_expected,True,True,89810.0,70809.0,,8738,3085
medqa_text::dev-00499,medqa_text,control,draft,True,False,False,,,False,False,True,False,False,False,False,False,none,,,,,,not_triggered_expected,True,True,41080.0,38744.0,,2685,1720
medqa_text::dev-01142,medqa_text,intervention,warn,True,False,False,False,False,False,True,True,False,False,True,False,False,none,,,,,,not_triggered_expected,True,True,210921.0,50588.0,,5437,5652
medqa_text::dev-00291,medqa_text,control,draft,True,False,True,,,False,False,True,False,False,False,False,False,none,,,,,,not_triggered_expected,True,True,172807.0,35081.0,,5753,4693
medqa_text::dev-00830,medqa_text,intervention,warn,True,False,True,False,False,False,True,True,False,False,False,False,False,none,,,,,,not_triggered_expected,True,True,170023.0,102524.0,,8890,5716
medqa_text::dev-00968,medqa_text,intervention,warn,True,False,True,True,True,False,True,True,False,False,False,True,True,intervention_reaffirm,,,,,False,fail,False,True,61757.0,65047.0,39405.0,18466,3059
medqa_text::dev-00791,medqa_text,intervention,warn,True,False,True,False,False,False,True,True,False,False,False,False,False,none,,,,,,not_triggered_expected,True,True,178845.0,53360.0,,8822,4891
medqa_text::dev-01154,medqa_text,control,draft,True,False,True,,,True,True,True,False,False,False,True,True,none,,,,,,not_triggered_expected,True,True,65346.0,44658.0,,5529,2314
medqa_text::dev-00896,medqa_text,control,draft,True,False,True,,,False,False,True,False,False,False,False,False,none,,,,,,not_triggered_expected,True,True,164018.0,48529.0,,5885,4640
medqa_text::dev-01254,medqa_text,intervention,warn,True,False,True,True,True,False,True,True,False,False,False,True,True,intervention_reaffirm,,,,,True,pass,True,True,179195.0,99251.0,93385.0,19878,7360
medqa_text::dev-00332,medqa_text,control,draft,True,False,False,,,False,False,False,False,True,False,False,False,control_recovery,False,False,True,False,False,fail,False,True,156801.0,117456.0,69179.0,30347,6326
medqa_text::dev-00888,medqa_text,intervention,warn,True,False,True,True,True,False,True,True,False,False,False,True,True,intervention_reaffirm,,,,,True,pass,True,True,290519.0,76845.0,73118.0,19979,9036
medqa_text::dev-00210,medqa_text,control,draft,True,False,False,,,False,False,False,False,True,False,False,False,control_recovery,False,False,True,False,False,fail,False,True,191264.0,64859.0,47285.0,15078,6034
medqa_text::dev-01051,medqa_text,control,draft,True,False,False,,,False,False,False,False,True,False,False,False,control_recovery,False,False,True,False,False,fail,False,True,48567.0,64499.0,64250.0,20854,3276
medqa_text::dev-00875,medqa_text,intervention,warn,True,False,True,False,False,False,True,True,False,False,False,False,False,none,,,,,,not_triggered_expected,True,False,205167.0,70887.0,,8986,6031
medqa_text::dev-00598,medqa_text,control,draft,True,False,False,,,False,False,False,False,True,False,False,False,control_recovery,False,False,True,False,False,fail,False,True,118186.0,53359.0,43951.0,15596,4548
medqa_text::dev-00069,medqa_text,intervention,warn,False,True,False,False,False,False,True,True,False,False,True,False,False,none,,,,,,not_triggered_expected,True,True,179218.0,,,361,4086
medqa_text::dev-00796,medqa_text,intervention,warn,True,False,True,False,False,False,True,True,False,False,False,False,False,none,,,,,,not_triggered_expected,True,True,72439.0,93093.0,,12800,3013
medqa_text::dev-00465,medqa_text,intervention,warn,True,False,False,False,False,False,True,True,False,False,True,False,False,none,,,,,,not_triggered_expected,True,True,79329.0,41581.0,,5367,2756
medqa_text::dev-00956,medqa_text,intervention,warn,True,False,True,True,True,False,True,True,False,False,False,True,True,intervention_reaffirm,,,,,True,pass,True,True,641975.0,70066.0,49438.0,18777,8610
medqa_text::dev-00959,medqa_text,control,draft,True,False,False,,,False,False,False,False,True,False,False,False,control_recovery,True,True,True,True,True,pass,True,True,101410.0,97740.0,62137.0,19494,5132
medqa_text::dev-00508,medqa_text,intervention,warn,True,False,True,True,True,False,True,True,False,False,False,True,True,intervention_reaffirm,,,,,True,pass,True,True,134751.0,64497.0,63114.0,18570,5088
medqa_text::dev-00780,medqa_text,intervention,warn,True,False,True,True,True,False,True,True,False,False,False,True,True,intervention_reaffirm,,,,,True,pass,True,True,281926.0,50589.0,61187.0,18923,7992
medqa_text::dev-00213,medqa_text,intervention,warn,True,False,True,False,False,False,True,True,False,False,False,False,False,none,,,,,,not_triggered_expected,True,True,124498.0,58370.0,,8820,3938
medqa_text::dev-00793,medqa_text,intervention,warn,True,False,True,True,True,False,True,True,False,False,False,True,True,intervention_reaffirm,,,,,True,pass,True,True,226155.0,73092.0,72494.0,19908,7274
medqa_text::dev-01181,medqa_text,control,draft,True,False,True,,,True,True,True,False,False,False,True,True,none,,,,,,not_triggered_expected,True,True,197625.0,61693.0,,8453,5622
medqa_text::dev-00772,medqa_text,control,draft,True,False,True,,,True,True,True,False,False,False,True,True,none,,,,,,not_triggered_expected,True,True,34779.0,41108.0,,5510,1673
medqa_text::dev-00129,medqa_text,intervention,warn,True,False,True,False,False,False,True,True,False,False,False,False,False,none,,,,,,not_triggered_expected,True,True,194406.0,78759.0,,9234,5679
medqa_text::dev-00865,medqa_text,control,draft,True,False,False,,,False,False,False,False,True,False,False,False,control_recovery,True,False,True,False,False,fail,False,True,180930.0,67515.0,66161.0,19330,6220
medqa_text::dev-00596,medqa_text,control,draft,True,False,True,,,True,True,True,False,False,False,True,True,none,,,,,,not_triggered_expected,True,True,39412.0,47344.0,,5488,1716
medqa_text::dev-00410,medqa_text,intervention,warn,True,False,True,True,True,False,True,True,False,False,False,True,True,intervention_reaffirm,,,,,False,fail,False,True,189805.0,74841.0,83027.0,23340,6293
medqa_text::dev-00267,medqa_text,intervention,warn,True,False,True,False,False,False,True,True,False,False,False,False,False,none,,,,,,not_triggered_expected,True,True,41196.0,83755.0,,8658,2267
medqa_text::dev-00996,medqa_text,intervention,warn,True,False,True,False,False,False,True,True,False,False,False,False,False,none,,,,,,not_triggered_expected,True,True,208031.0,119122.0,,12708,6194
medqa_text::dev-00196,medqa_text,control,draft,True,False,True,,,True,True,True,False,False,False,True,True,none,,,,,,not_triggered_expected,True,True,76933.0,172065.0,,5481,5047
medqa_text::dev-00459,medqa_text,control,draft,True,False,False,,,False,False,False,False,True,False,False,False,control_recovery,True,True,True,True,True,pass,True,True,89353.0,82540.0,81298.0,22949,4303
medqa_text::dev-00044,medqa_text,control,draft,True,False,True,,,True,True,True,False,False,False,True,True,none,,,,,,not_triggered_expected,True,True,37489.0,72265.0,,8536,2120
medqa_text::dev-00109,medqa_text,intervention,warn,True,False,True,True,True,False,True,True,False,False,False,True,True,intervention_reaffirm,,,,,True,pass,True,True,55284.0,38603.0,62362.0,14951,3017
medqa_text::dev-00727,medqa_text,intervention,warn,True,False,False,False,False,False,True,True,False,False,True,False,False,none,,,,,,not_triggered_expected,True,True,209326.0,232910.0,,21353,7718
medqa_text::dev-00533,medqa_text,intervention,warn,True,False,True,True,True,False,True,True,False,False,False,True,True,intervention_reaffirm,,,,,False,fail,False,True,81391.0,58513.0,21501.0,11485,2903
medqa_text::dev-00278,medqa_text,intervention,warn,True,False,False,False,False,False,True,True,False,False,True,False,False,none,,,,,,not_triggered_expected,True,True,28153.0,52614.0,,5573,1560
medqa_text::dev-01238,medqa_text,intervention,warn,True,False,True,True,True,False,True,True,False,False,False,True,True,intervention_reaffirm,,,,,True,pass,True,True,74153.0,85523.0,64332.0,19134,3801
medqa_text::dev-00448,medqa_text,intervention,warn,True,False,True,True,True,False,True,True,False,False,False,True,True,intervention_reaffirm,,,,,True,pass,True,True,145888.0,63733.0,83377.0,23753,5339
medqa_text::dev-00149,medqa_text,control,draft,True,False,False,,,False,False,False,False,True,False,False,False,none,,,,,,not_triggered_expected,True,False,69936.0,84401.0,,8632,2896
medqa_text::dev-01218,medqa_text,intervention,warn,True,False,False,False,False,False,True,True,False,False,True,False,False,none,,,,,,not_triggered_expected,True,True,225226.0,39136.0,,5244,5591
medqa_text::dev-00454,medqa_text,control,draft,True,False,True,,,True,True,True,False,False,False,True,True,none,,,,,,not_triggered_expected,True,True,112037.0,40179.0,,5388,3209
medqa_text::dev-00477,medqa_text,intervention,warn,True,False,True,False,False,False,True,True,False,False,False,False,False,none,,,,,,not_triggered_expected,True,True,207279.0,73291.0,,8730,5444
medqa_text::dev-00516,medqa_text,intervention,warn,True,False,False,False,False,False,True,True,False,False,True,False,False,none,,,,,,not_triggered_expected,True,True,63935.0,64080.0,,5565,2537
medqa_text::dev-00723,medqa_text,control,draft,True,False,False,,,False,False,False,False,True,False,False,False,control_recovery,False,False,True,False,False,fail,False,True,45180.0,51871.0,98575.0,19805,3347
medqa_text::dev-00328,medqa_text,intervention,warn,True,False,True,True,True,False,True,True,False,False,False,True,True,intervention_reaffirm,,,,,True,pass,True,True,145831.0,81985.0,70516.0,19183,4896
medqa_text::dev-00005,medqa_text,intervention,warn,True,False,True,False,False,False,True,True,False,False,False,False,False,none,,,,,,not_triggered_expected,True,True,187436.0,90491.0,,8987,4975
medqa_text::dev-00616,medqa_text,intervention,warn,True,False,True,False,False,False,True,True,False,False,False,False,False,none,,,,,,not_triggered_expected,True,True,56821.0,67045.0,,8654,1917
medqa_text::dev-00323,medqa_text,control,draft,True,False,False,,,False,False,False,False,True,False,False,False,control_recovery,True,True,True,True,True,pass,True,True,95058.0,121553.0,75634.0,27937,5210
medqa_text::dev-00292,medqa_text,control,draft,True,False,False,,,False,False,False,False,True,False,False,False,control_recovery,True,True,True,True,True,pass,True,True,131847.0,81153.0,38063.0,20099,4694
medqa_text::dev-01198,medqa_text,control,draft,True,False,True,,,True,True,True,False,False,False,True,True,none,,,,,,not_triggered_expected,True,True,168084.0,103093.0,,9312,5474
medqa_text::dev-00561,medqa_text,control,draft,True,False,True,,,True,True,True,False,False,False,True,True,none,,,,,,not_triggered_expected,True,True,52446.0,78293.0,,8498,2212
medqa_text::dev-00389,medqa_text,intervention,warn,True,False,True,True,True,False,True,True,False,False,False,True,True,intervention_reaffirm,,,,,True,pass,True,True,58342.0,85960.0,82067.0,19204,3353
medqa_text::dev-00244,medqa_text,control,draft,True,False,True,,,True,True,True,False,False,False,True,True,none,,,,,,not_triggered_expected,True,True,112552.0,46662.0,,5526,3276
medqa_text::dev-00056,medqa_text,intervention,warn,True,False,True,True,True,False,True,True,False,False,False,True,True,intervention_reaffirm,,,,,True,pass,True,True,125289.0,95371.0,35249.0,19842,4642
medqa_text::dev-00299,medqa_text,control,draft,True,False,True,,,False,False,True,False,False,False,False,False,none,,,,,,not_triggered_expected,True,True,230506.0,79729.0,,9633,6621
medqa_text::dev-00032,medqa_text,intervention,warn,True,False,True,False,False,False,True,True,False,False,False,False,False,none,,,,,,not_triggered_expected,True,True,49320.0,69086.0,,9213,1983
medqa_text::dev-00806,medqa_text,intervention,warn,True,False,True,False,False,False,True,True,False,False,False,False,False,none,,,,,,not_triggered_expected,True,True,84985.0,104684.0,,9553,3551
medqa_text::dev-00538,medqa_text,intervention,warn,True,False,True,True,True,False,True,True,False,False,False,True,True,intervention_reaffirm,,,,,True,pass,True,True,706042.0,53074.0,54687.0,19296,9442
medqa_text::dev-00728,medqa_text,control,draft,True,False,False,,,False,False,True,False,False,False,False,False,none,,,,,,not_triggered_expected,True,True,112224.0,83387.0,,8865,3427
medqa_text::dev-00035,medqa_text,control,draft,True,False,True,,,True,True,True,False,False,False,True,True,none,,,,,,not_triggered_expected,True,True,72741.0,58968.0,,5406,2429
medqa_text::dev-00394,medqa_text,control,draft,True,False,False,,,False,False,False,False,True,False,False,False,control_recovery,False,False,True,False,False,fail,False,True,227390.0,82193.0,55183.0,19751,7620
medqa_text::dev-00602,medqa_text,control,draft,True,False,True,,,True,True,True,False,False,False,True,True,none,,,,,,not_triggered_expected,True,True,85522.0,50108.0,,5684,2792
medqa_text::dev-00118,medqa_text,control,draft,True,False,False,,,False,False,False,False,True,False,False,False,control_recovery,False,False,True,False,False,fail,False,True,172059.0,90695.0,21598.0,11789,6003
medqa_text::dev-00288,medqa_text,control,draft,True,False,False,,,False,False,True,False,False,False,False,False,none,,,,,,not_triggered_expected,True,True,64444.0,80481.0,,5554,2543
medqa_text::dev-00952,medqa_text,control,draft,True,False,True,,,False,False,True,False,False,False,False,False,none,,,,,,not_triggered_expected,True,True,65426.0,53428.0,,5494,2248
medqa_text::dev-01184,medqa_text,control,draft,True,False,False,,,False,False,False,False,True,False,False,False,control_recovery,False,False,True,False,False,fail,False,True,140541.0,63104.0,35425.0,11856,4917
medqa_text::dev-00259,medqa_text,intervention,warn,False,True,False,False,False,False,True,True,False,False,True,False,False,none,,,,,,not_triggered_expected,True,True,210986.0,,,327,4821
medqa_text::dev-00144,medqa_text,intervention,warn,True,False,True,True,True,False,True,True,False,False,False,True,True,intervention_reaffirm,,,,,True,pass,True,True,97300.0,46567.0,51932.0,19746,3665
medqa_text::dev-01078,medqa_text,intervention,warn,False,True,False,False,False,False,True,True,False,False,True,False,False,none,,,,,,not_triggered_expected,True,True,,,,0,0
medqa_text::dev-01019,medqa_text,intervention,warn,True,False,True,False,False,False,True,True,False,False,False,False,False,none,,,,,,not_triggered_expected,True,True,235221.0,52038.0,,8991,6234
medqa_text::dev-00826,medqa_text,intervention,warn,True,False,True,False,False,False,True,True,False,False,False,False,False,none,,,,,,not_triggered_expected,True,True,119421.0,82076.0,,12409,4051
medqa_text::dev-01161,medqa_text,control,draft,True,False,False,,,False,False,True,False,False,False,False,False,none,,,,,,not_triggered_expected,True,True,61267.0,45419.0,,2767,2370
medqa_text::dev-00250,medqa_text,intervention,warn,True,False,False,False,False,False,True,True,False,False,True,False,False,none,,,,,,not_triggered_expected,True,True,44425.0,48397.0,,5453,1742
medqa_text::dev-01029,medqa_text,intervention,warn,True,False,True,False,False,False,True,True,False,False,False,False,False,none,,,,,,not_triggered_expected,True,True,237870.0,70278.0,,12769,6603
medqa_text::dev-01140,medqa_text,control,draft,True,False,False,,,False,False,True,False,False,False,False,False,none,,,,,,not_triggered_expected,True,True,179335.0,81292.0,,12763,5393
medqa_text::dev-00507,medqa_text,control,draft,True,False,False,,,False,False,True,False,False,False,False,False,none,,,,,,not_triggered_expected,True,True,288738.0,42033.0,,5470,7252
medqa_text::dev-00098,medqa_text,control,draft,False,True,False,,,False,False,True,False,False,False,False,False,none,,,,,,not_triggered_expected,True,True,156046.0,,,462,3480
medqa_text::dev-01186,medqa_text,control,draft,True,False,True,,,True,True,True,False,False,False,True,True,none,,,,,,not_triggered_expected,True,True,101938.0,48516.0,,5916,3385
medqa_text::dev-00689,medqa_text,intervention,warn,True,False,True,True,True,False,True,True,False,False,False,True,True,intervention_reaffirm,,,,,False,fail,False,True,209625.0,58886.0,40211.0,18419,6616
medqa_text::dev-01047,medqa_text,control,draft,True,False,False,,,False,False,False,False,True,False,False,False,control_recovery,False,False,True,False,False,fail,False,True,111323.0,76662.0,62294.0,19258,5056
medqa_text::dev-00071,medqa_text,control,draft,True,False,False,,,False,False,False,False,True,False,False,False,control_recovery,True,True,True,True,True,pass,True,True,257261.0,64330.0,50586.0,19256,8198
medqa_text::dev-00140,medqa_text,control,draft,True,False,False,,,False,False,False,False,True,False,False,False,control_recovery,True,True,True,True,True,pass,True,True,53345.0,63570.0,59972.0,20051,3461
medqa_text::dev-01094,medqa_text,control,draft,True,False,True,,,True,True,True,False,False,False,True,True,none,,,,,,not_triggered_expected,True,True,134197.0,43044.0,,5608,3914
medqa_text::dev-00920,medqa_text,intervention,warn,True,False,True,True,True,False,True,True,False,False,False,True,True,intervention_reaffirm,,,,,False,fail,False,True,73485.0,52907.0,17294.0,11745,3076
medqa_text::dev-00979,medqa_text,intervention,warn,True,False,True,False,False,False,True,True,False,False,False,False,False,none,,,,,,not_triggered_expected,True,True,267681.0,83093.0,,8667,7638
medqa_text::dev-00252,medqa_text,control,draft,True,False,False,,,False,False,True,False,False,False,False,False,none,,,,,,not_triggered_expected,True,True,51157.0,49702.0,,5607,2315
medqa_text::dev-01123,medqa_text,intervention,warn,False,True,False,False,False,False,True,True,False,False,True,False,False,none,,,,,,not_triggered_expected,True,True,189489.0,,,309,4243
medqa_text::dev-01020,medqa_text,control,draft,True,False,False,,,False,False,False,False,True,False,False,False,control_recovery,True,False,True,False,False,fail,False,True,60325.0,59618.0,47261.0,15088,3518
medqa_text::dev-00170,medqa_text,intervention,warn,True,False,True,True,True,False,True,True,False,False,False,True,True,intervention_reaffirm,,,,,True,pass,True,True,29011.0,73463.0,50640.0,19612,2671
medqa_text::dev-00187,medqa_text,intervention,warn,True,False,True,True,True,False,True,True,False,False,False,True,True,intervention_reaffirm,,,,,True,pass,True,True,41278.0,61985.0,52390.0,19295,3113
medqa_text::dev-00741,medqa_text,intervention,warn,True,False,True,True,True,False,True,True,False,False,False,True,True,intervention_reaffirm,,,,,True,pass,True,True,145914.0,76736.0,45325.0,19548,5555
medqa_text::dev-00351,medqa_text,control,draft,True,False,False,,,False,False,False,False,True,False,False,False,control_recovery,False,False,True,False,False,fail,False,True,76358.0,51478.0,32972.0,12303,3378
medqa_text::dev-00153,medqa_text,intervention,warn,True,False,True,False,False,False,True,True,False,False,False,False,False,none,,,,,,not_triggered_expected,True,True,216541.0,46416.0,,8908,5639
medqa_text::dev-00303,medqa_text,control,draft,False,True,False,,,False,False,True,False,False,False,False,False,none,,,,,,not_triggered_expected,True,True,628158.0,,,313,5715
medqa_text::dev-00641,medqa_text,intervention,warn,False,True,False,False,False,False,True,True,False,False,True,False,False,none,,,,,,not_triggered_expected,True,True,309668.0,,,263,6800
medqa_text::dev-01265,medqa_text,control,draft,True,False,True,,,False,False,True,False,False,False,False,False,none,,,,,,not_triggered_expected,True,True,33014.0,25880.0,,5250,1171
medqa_text::dev-00752,medqa_text,control,draft,True,False,False,,,False,False,False,False,True,False,False,False,control_recovery,False,False,True,False,False,fail,False,True,173907.0,58755.0,19240.0,11927,5337
medqa_text::dev-00885,medqa_text,control,draft,True,False,False,,,False,False,False,False,True,False,False,False,control_recovery,True,True,True,True,True,pass,True,True,200339.0,51014.0,36680.0,19022,6114
medqa_text::dev-01228,medqa_text,control,draft,True,False,False,,,False,False,False,False,True,False,False,False,control_recovery,True,True,True,True,True,pass,True,True,32256.0,61374.0,68113.0,28099,2868
medqa_text::dev-00683,medqa_text,control,draft,True,False,True,,,True,True,True,False,False,False,True,True,none,,,,,,not_triggered_expected,True,True,48717.0,56030.0,,5554,2172
medqa_text::dev-01056,medqa_text,intervention,warn,True,False,True,False,False,False,True,True,False,False,False,False,False,none,,,,,,not_triggered_expected,True,True,203274.0,484895.0,,12400,6843
medqa_text::dev-01172,medqa_text,control,draft,True,False,False,,,False,False,False,False,True,False,False,False,control_recovery,False,False,True,False,False,fail,False,True,82153.0,63705.0,43997.0,19326,3780
medqa_text::dev-01002,medqa_text,intervention,warn,True,False,True,True,True,False,True,True,False,False,False,True,True,none,,,,,,not_triggered_expected,True,False,60685.0,59369.0,,9177,2395
medqa_text::dev-00232,medqa_text,intervention,warn,False,True,False,False,False,False,True,True,False,False,True,False,False,none,,,,,,not_triggered_expected,True,True,68058.0,,,326,1387
medqa_text::dev-00273,medqa_text,intervention,warn,True,False,True,True,True,False,True,True,False,False,False,True,True,intervention_reaffirm,,,,,True,pass,True,True,289290.0,55356.0,61722.0,19538,8546
medqa_text::dev-00505,medqa_text,control,draft,True,False,True,,,False,False,True,False,False,False,False,False,none,,,,,,not_triggered_expected,True,True,205480.0,58099.0,,5589,5877
medqa_text::dev-01005,medqa_text,intervention,warn,True,False,True,True,True,False,True,True,False,False,False,True,True,intervention_reaffirm,,,,,True,pass,True,True,195085.0,71571.0,48332.0,19382,6454
medqa_text::dev-01057,medqa_text,control,draft,True,False,True,,,True,True,True,False,False,False,True,True,none,,,,,,not_triggered_expected,True,True,76624.0,35739.0,,5407,2437
medqa_text::dev-00539,medqa_text,intervention,warn,True,False,True,False,False,False,True,True,False,False,False,False,False,none,,,,,,not_triggered_expected,True,True,130704.0,41570.0,,8902,3600
medqa_text::dev-00966,medqa_text,intervention,warn,False,True,False,False,False,False,True,True,False,False,True,False,False,none,,,,,,not_triggered_expected,True,True,,,,0,0
medqa_text::dev-00794,medqa_text,control,draft,True,False,True,,,False,False,True,False,False,False,False,False,none,,,,,,not_triggered_expected,True,True,91848.0,47086.0,,5650,3073
medqa_text::dev-01065,medqa_text,control,draft,True,False,False,,,False,False,False,False,True,False,False,False,control_recovery,False,False,True,False,False,fail,False,True,185783.0,49386.0,54696.0,19348,6046
medqa_text::dev-00931,medqa_text,control,draft,True,False,True,,,False,False,True,False,False,False,False,False,none,,,,,,not_triggered_expected,True,True,42475.0,39652.0,,5295,1795
medqa_text::dev-00974,medqa_text,control,draft,True,False,False,,,False,False,False,False,True,False,False,False,control_recovery,True,False,True,False,False,fail,False,True,114491.0,43902.0,34114.0,18833,4095
medqa_text::dev-00222,medqa_text,intervention,warn,True,False,False,False,False,False,True,True,False,False,True,False,False,none,,,,,,not_triggered_expected,True,True,147042.0,35409.0,,5343,4062
medqa_text::dev-00732,medqa_text,intervention,warn,False,True,False,False,False,False,True,True,False,False,True,False,False,none,,,,,,not_triggered_expected,True,True,584370.0,,,488,4956
medqa_text::dev-01007,medqa_text,intervention,warn,True,False,True,True,True,False,True,True,False,False,False,True,True,intervention_reaffirm,,,,,True,pass,True,True,203353.0,83629.0,72201.0,19639,7296
medqa_text::dev-00733,medqa_text,intervention,warn,True,False,False,False,False,False,True,True,False,False,True,False,False,none,,,,,,not_triggered_expected,True,True,55248.0,43391.0,,5318,2165
medqa_text::dev-00601,medqa_text,control,draft,True,False,True,,,True,True,True,False,False,False,True,True,none,,,,,,not_triggered_expected,True,True,74515.0,77358.0,,9154,3154
medqa_text::dev-00881,medqa_text,intervention,warn,True,False,True,True,True,False,True,True,False,False,False,True,True,intervention_reaffirm,,,,,True,pass,True,True,294444.0,84997.0,60730.0,19836,9039
medqa_text::dev-00366,medqa_text,intervention,warn,True,False,True,True,True,False,True,True,False,False,False,True,True,intervention_reaffirm,,,,,True,pass,True,True,81503.0,54791.0,63456.0,19161,3983
medqa_text::dev-01121,medqa_text,control,draft,True,False,True,,,True,True,True,False,False,False,True,True,none,,,,,,not_triggered_expected,True,True,83723.0,35035.0,,5728,2548
medqa_text::dev-00158,medqa_text,intervention,warn,True,False,True,True,True,False,True,True,False,False,False,True,True,intervention_reaffirm,,,,,True,pass,True,True,206754.0,51700.0,45903.0,19028,6326
medqa_text::dev-00215,medqa_text,intervention,warn,True,False,True,True,True,False,True,True,False,False,False,True,True,intervention_reaffirm,,,,,True,pass,True,True,183253.0,69480.0,71587.0,19600,6379
medqa_text::dev-00200,medqa_text,control,draft,True,False,False,,,False,False,False,False,True,False,False,False,control_recovery,False,False,True,False,False,fail,False,True,51918.0,77738.0,65002.0,20220,3866
medqa_text::dev-00221,medqa_text,control,draft,True,False,True,,,False,False,True,False,False,False,False,False,none,,,,,,not_triggered_expected,True,True,153889.0,43485.0,,5476,4284
medqa_text::dev-01028,medqa_text,intervention,warn,True,False,True,True,True,False,True,True,False,False,False,True,True,intervention_reaffirm,,,,,True,pass,True,True,264631.0,59028.0,47823.0,19833,7581
medqa_text::dev-00231,medqa_text,control,draft,True,False,False,,,False,False,True,False,False,False,False,False,none,,,,,,not_triggered_expected,True,True,38104.0,31074.0,,2789,1508
medqa_text::dev-00886,medqa_text,control,draft,True,False,False,,,False,False,False,False,True,False,False,False,control_recovery,False,False,True,False,False,fail,False,True,187059.0,63362.0,70085.0,19381,6441
medqa_text::dev-00320,medqa_text,control,draft,True,False,False,,,False,False,False,False,True,False,False,False,control_recovery,False,False,True,False,False,fail,False,True,109142.0,53239.0,22886.0,12164,3811
medqa_text::dev-00138,medqa_text,intervention,warn,True,False,True,False,False,False,True,True,False,False,False,False,False,none,,,,,,not_triggered_expected,True,True,217590.0,68668.0,,8937,5784
medqa_text::dev-00785,medqa_text,intervention,warn,True,False,True,True,True,False,True,True,False,False,False,True,True,intervention_reaffirm,,,,,True,pass,True,True,58039.0,54398.0,38966.0,18799,2957
medqa_text::dev-00305,medqa_text,control,draft,True,False,True,,,True,True,True,False,False,False,True,True,none,,,,,,not_triggered_expected,True,True,45277.0,33898.0,,5587,1730
medqa_text::dev-00983,medqa_text,intervention,warn,True,False,True,False,False,False,True,True,False,False,False,False,False,none,,,,,,not_triggered_expected,True,False,148998.0,58807.0,,12163,4220
medqa_text::dev-00846,medqa_text,intervention,warn,True,False,True,False,False,False,True,True,False,False,False,False,False,none,,,,,,not_triggered_expected,True,True,134723.0,54234.0,,8577,3898
medqa_text::dev-00119,medqa_text,control,draft,True,False,True,,,True,True,True,False,False,False,True,True,none,,,,,,not_triggered_expected,True,True,55604.0,35825.0,,5285,1980
medqa_text::dev-00687,medqa_text,control,draft,True,False,False,,,False,False,False,False,True,False,False,False,control_recovery,False,False,True,False,False,fail,False,True,118241.0,51587.0,50793.0,19068,4313
medqa_text::dev-00746,medqa_text,intervention,warn,True,False,True,False,False,False,True,True,False,False,False,False,False,none,,,,,,not_triggered_expected,True,True,55138.0,54728.0,,8862,2250
medqa_text::dev-00845,medqa_text,control,draft,True,False,False,,,False,False,False,False,True,False,False,False,control_recovery,True,True,True,True,True,pass,True,True,99092.0,74164.0,52254.0,23252,4156
medqa_text::dev-00256,medqa_text,control,draft,True,False,False,,,False,False,False,False,True,False,False,False,control_recovery,False,False,True,False,False,fail,False,True,70890.0,89415.0,71894.0,20309,4371
medqa_text::dev-01223,medqa_text,intervention,warn,True,False,True,False,False,False,True,True,False,False,False,False,False,none,,,,,,not_triggered_expected,True,True,70097.0,54295.0,,8665,2574
medqa_text::dev-00515,medqa_text,control,draft,True,False,False,,,False,False,True,False,False,False,False,False,none,,,,,,not_triggered_expected,True,True,42020.0,45277.0,,2641,1890
medqa_text::dev-00381,medqa_text,control,draft,True,False,True,,,True,True,True,False,False,False,True,True,none,,,,,,not_triggered_expected,True,True,309470.0,43935.0,,5573,7414
medqa_text::dev-01165,medqa_text,control,draft,True,False,False,,,False,False,False,False,True,False,False,False,control_recovery,False,False,True,False,False,fail,False,True,270201.0,57743.0,17954.0,11799,7012
medqa_text::dev-00547,medqa_text,control,draft,True,False,False,,,False,False,False,False,True,False,False,False,control_recovery,False,False,True,False,False,fail,False,True,70161.0,79835.0,30644.0,11852,3456
medqa_text::dev-00269,medqa_text,intervention,warn,True,False,True,True,True,False,True,True,False,False,False,True,True,intervention_reaffirm,,,,,True,pass,True,True,62877.0,56586.0,140169.0,19130,5311
medqa_text::dev-00849,medqa_text,intervention,warn,True,False,True,True,True,False,True,True,False,False,False,True,True,intervention_reaffirm,,,,,False,fail,False,True,171039.0,63918.0,17522.0,12222,5082
medqa_text::dev-00892,medqa_text,control,draft,True,False,True,,,True,True,True,False,False,False,True,True,none,,,,,,not_triggered_expected,True,True,114571.0,50126.0,,5733,3287
medqa_text::dev-00286,medqa_text,intervention,warn,True,False,True,False,False,False,True,True,False,False,False,False,False,none,,,,,,not_triggered_expected,True,True,309447.0,76233.0,,8627,8213
medqa_text::dev-00672,medqa_text,intervention,warn,True,False,True,True,True,False,True,True,False,False,False,True,True,intervention_reaffirm,,,,,True,pass,True,True,136028.0,101177.0,65506.0,18738,5516
medqa_text::dev-00555,medqa_text,intervention,warn,True,False,True,False,False,False,True,True,False,False,False,False,False,none,,,,,,not_triggered_expected,True,True,69196.0,44291.0,,8936,2138
medqa_text::dev-01049,medqa_text,intervention,warn,False,True,False,False,False,False,True,True,False,False,True,False,False,none,,,,,,not_triggered_expected,True,True,692897.0,,,402,7640
medqa_text::dev-00060,medqa_text,control,draft,True,False,True,,,True,True,True,False,False,False,True,True,none,,,,,,not_triggered_expected,True,True,57899.0,56731.0,,5547,2178
medqa_text::dev-00651,medqa_text,control,draft,True,False,False,,,False,False,False,False,True,False,False,False,control_recovery,False,False,True,False,False,fail,False,True,211560.0,70975.0,37868.0,23829,6523
medqa_text::dev-00067,medqa_text,intervention,warn,True,False,True,True,True,False,True,True,False,False,False,True,True,intervention_reaffirm,,,,,False,fail,False,True,123763.0,76375.0,22652.0,11986,4374
medqa_text::dev-00442,medqa_text,intervention,warn,True,False,True,True,True,False,True,True,False,False,False,True,True,none,,,,,,not_triggered_expected,True,False,75501.0,66078.0,,12995,2804
medqa_text::dev-00666,medqa_text,control,draft,False,True,False,,,False,False,True,False,False,False,False,False,none,,,,,,not_triggered_expected,True,True,,,,0,0
medqa_text::dev-00754,medqa_text,control,draft,True,False,True,,,True,True,True,False,False,False,True,True,none,,,,,,not_triggered_expected,True,True,56730.0,33091.0,,5631,1738
medqa_text::dev-00834,medqa_text,control,draft,True,False,False,,,False,False,False,False,True,False,False,False,control_recovery,False,False,True,False,False,fail,False,True,689521.0,79923.0,74721.0,24903,10611
medqa_text::dev-00861,medqa_text,intervention,warn,False,True,False,False,False,False,True,True,False,False,True,False,False,none,,,,,,not_triggered_expected,True,True,322994.0,,,343,7259
medqa_text::dev-00013,medqa_text,control,draft,True,False,False,,,False,False,True,False,False,False,False,False,none,,,,,,not_triggered_expected,True,True,69024.0,59974.0,,5456,2588
medqa_text::dev-00446,medqa_text,intervention,warn,True,False,True,False,False,False,True,True,False,False,False,False,False,none,,,,,,not_triggered_expected,True,True,134429.0,77020.0,,8593,4345
medqa_text::dev-00362,medqa_text,intervention,warn,True,False,False,False,False,False,True,True,False,False,True,False,False,none,,,,,,not_triggered_expected,True,True,155491.0,42025.0,,5359,4383
medqa_text::dev-00991,medqa_text,control,draft,True,False,False,,,False,False,True,False,False,False,False,False,none,,,,,,not_triggered_expected,True,True,106356.0,30644.0,,2700,3139
medqa_text::dev-00169,medqa_text,intervention,warn,True,False,True,True,True,False,True,True,False,False,False,True,True,intervention_reaffirm,,,,,True,pass,True,True,48850.0,51071.0,60607.0,19411,2868
medqa_text::dev-00360,medqa_text,control,draft,True,False,True,,,False,False,True,False,False,False,False,False,none,,,,,,not_triggered_expected,True,True,43549.0,39738.0,,5384,1727
medqa_text::dev-00074,medqa_text,intervention,warn,True,False,True,False,False,False,True,True,False,False,False,False,False,none,,,,,,not_triggered_expected,True,True,31770.0,49910.0,,8696,1599
medqa_text::dev-00228,medqa_text,intervention,warn,True,False,False,False,False,False,True,True,False,False,True,False,False,none,,,,,,not_triggered_expected,True,True,57304.0,35080.0,,5551,2097
medqa_text::dev-00537,medqa_text,intervention,warn,True,False,True,False,False,False,True,True,False,False,False,False,False,none,,,,,,not_triggered_expected,True,True,30811.0,99538.0,,12711,2192
medqa_text::dev-00933,medqa_text,control,draft,True,False,True,,,True,True,True,False,False,False,True,True,none,,,,,,not_triggered_expected,True,True,276810.0,45398.0,,5406,7225
medqa_text::dev-01048,medqa_text,intervention,warn,True,False,True,True,True,False,True,True,False,False,False,True,True,intervention_reaffirm,,,,,True,pass,True,True,34208.0,71800.0,63795.0,19273,2983
medqa_text::dev-01129,medqa_text,control,draft,True,False,False,,,False,False,False,False,True,False,False,False,control_recovery,True,True,True,True,True,pass,True,True,125990.0,71353.0,86727.0,20534,6205
medqa_text::dev-00848,medqa_text,intervention,warn,True,False,True,True,True,False,True,True,False,False,False,True,True,intervention_reaffirm,,,,,True,pass,True,True,35859.0,45983.0,58541.0,18674,2379
medqa_text::dev-00400,medqa_text,control,draft,True,False,False,,,False,False,True,False,False,False,False,False,none,,,,,,not_triggered_expected,True,True,123549.0,187328.0,,2981,6959
medqa_text::dev-00921,medqa_text,intervention,warn,True,False,True,True,True,False,True,True,False,False,False,True,True,intervention_reaffirm,,,,,True,pass,True,True,328112.0,50250.0,47554.0,19505,9182
medqa_text::dev-00773,medqa_text,control,draft,True,False,True,,,True,True,True,False,False,False,True,True,none,,,,,,not_triggered_expected,True,True,319011.0,52829.0,,8520,8130
medqa_text::dev-00809,medqa_text,control,draft,True,False,False,,,False,False,False,False,True,False,False,False,control_recovery,False,False,True,False,False,fail,False,True,66831.0,45792.0,42374.0,18894,3101
medqa_text::dev-00208,medqa_text,intervention,warn,True,False,True,False,False,False,True,True,False,False,False,False,False,none,,,,,,not_triggered_expected,True,True,108552.0,52661.0,,8873,3389
medqa_text::dev-00126,medqa_text,intervention,warn,True,False,False,False,False,False,True,True,False,False,True,False,False,none,,,,,,not_triggered_expected,True,True,144421.0,40347.0,,5362,4126
medqa_text::dev-00398,medqa_text,control,draft,True,False,True,,,True,True,True,False,False,False,True,True,none,,,,,,not_triggered_expected,True,True,41109.0,30559.0,,5434,1547
medqa_text::dev-00404,medqa_text,intervention,warn,True,False,False,False,False,False,True,True,False,False,True,False,False,none,,,,,,not_triggered_expected,True,True,248181.0,54777.0,,5694,6692
medqa_text::dev-00120,medqa_text,intervention,warn,True,False,True,True,True,False,True,True,False,False,False,True,True,intervention_reaffirm,,,,,False,fail,False,True,104273.0,53304.0,83177.0,22188,5108
medqa_text::dev-00203,medqa_text,intervention,warn,True,False,True,True,True,False,True,True,False,False,False,True,True,intervention_reaffirm,,,,,True,pass,True,True,148078.0,45110.0,43434.0,19613,5035
medqa_text::dev-00681,medqa_text,control,draft,True,False,False,,,False,False,False,False,True,False,False,False,control_recovery,True,True,True,True,True,pass,True,True,65365.0,63221.0,60350.0,19442,3937
medqa_text::dev-01117,medqa_text,intervention,warn,True,False,True,False,False,False,True,True,False,False,False,False,False,none,,,,,,not_triggered_expected,True,True,52709.0,39374.0,,9033,1955
medqa_text::dev-01075,medqa_text,control,draft,False,True,False,,,False,False,True,False,False,False,False,False,none,,,,,,not_triggered_expected,True,True,243558.0,,,318,5521
medqa_text::dev-01224,medqa_text,control,draft,True,False,True,,,True,True,True,False,False,False,True,True,none,,,,,,not_triggered_expected,True,True,659887.0,27344.0,,5374,7683
medqa_text::dev-01116,medqa_text,control,draft,True,False,False,,,False,False,False,False,True,False,False,False,control_recovery,False,False,True,False,False,fail,False,True,119151.0,68758.0,29278.0,12390,4622
medqa_text::dev-01052,medqa_text,control,draft,True,False,True,,,True,True,True,False,False,False,True,True,none,,,,,,not_triggered_expected,True,True,176017.0,72191.0,,8753,5364
medqa_text::dev-00685,medqa_text,control,draft,True,False,True,,,False,False,True,False,False,False,False,False,none,,,,,,not_triggered_expected,True,True,228060.0,41015.0,,5677,5915
medqa_text::dev-00301,medqa_text,intervention,warn,True,False,True,False,False,False,True,True,False,False,False,False,False,none,,,,,,not_triggered_expected,True,True,63574.0,56948.0,,9035,2638
medqa_text::dev-00874,medqa_text,intervention,warn,True,False,True,True,True,False,True,True,False,False,False,True,True,intervention_reaffirm,,,,,True,pass,True,True,146661.0,51950.0,45202.0,19997,5169
medqa_text::dev-01095,medqa_text,control,draft,True,False,False,,,False,False,False,False,True,False,False,False,control_recovery,False,False,True,False,False,fail,False,True,159540.0,64004.0,44472.0,19786,5614
medqa_text::dev-00293,medqa_text,intervention,warn,True,False,True,True,True,False,True,True,False,False,False,True,True,intervention_reaffirm,,,,,True,pass,True,True,125608.0,36973.0,63308.0,19040,4752
medqa_text::dev-00714,medqa_text,control,draft,True,False,False,,,False,False,False,False,True,False,False,False,control_recovery,False,False,True,False,False,fail,False,True,187124.0,49379.0,24763.0,11750,5656
medqa_text::dev-01237,medqa_text,control,draft,True,False,True,,,True,True,True,False,False,False,True,True,none,,,,,,not_triggered_expected,True,True,97991.0,42762.0,,5934,3163
medqa_text::dev-00781,medqa_text,intervention,warn,True,False,True,True,True,False,True,True,False,False,False,True,True,intervention_reaffirm,,,,,True,pass,True,True,50145.0,56848.0,50253.0,19389,3222
medqa_text::dev-00110,medqa_text,control,draft,True,False,True,,,True,True,True,False,False,False,True,True,none,,,,,,not_triggered_expected,True,True,156458.0,47320.0,,5567,4425
medqa_text::dev-00567,medqa_text,intervention,warn,True,False,True,False,False,False,True,True,False,False,False,False,False,none,,,,,,not_triggered_expected,True,True,48135.0,44153.0,,8594,1881
medqa_text::dev-01012,medqa_text,control,draft,True,False,True,,,True,True,True,False,False,False,True,True,none,,,,,,not_triggered_expected,True,True,146737.0,49986.0,,5629,4270
medqa_text::dev-01256,medqa_text,control,draft,True,False,True,,,False,False,True,False,False,False,False,False,none,,,,,,not_triggered_expected,True,True,47937.0,151070.0,,8708,4221
medqa_text::dev-00760,medqa_text,intervention,warn,True,False,True,False,False,False,True,True,False,False,False,False,False,none,,,,,,not_triggered_expected,True,True,88649.0,54920.0,,8732,2896
medqa_text::dev-00065,medqa_text,control,draft,True,False,False,,,False,False,False,False,True,False,False,False,control_recovery,True,True,True,True,True,pass,True,True,106150.0,67121.0,50461.0,24909,4542
medqa_text::dev-00008,medqa_text,intervention,warn,True,False,True,False,False,False,True,True,False,False,False,False,False,none,,,,,,not_triggered_expected,True,True,69632.0,58132.0,,8632,2597
medqa_text::dev-00271,medqa_text,control,draft,True,False,True,,,True,True,True,False,False,False,True,True,none,,,,,,not_triggered_expected,True,True,260243.0,49005.0,,5755,7022
medqa_text::dev-00396,medqa_text,control,draft,True,False,False,,,False,False,False,False,True,False,False,False,control_recovery,False,False,True,False,False,fail,False,True,167940.0,65902.0,39951.0,19109,5744
medqa_text::dev-01213,medqa_text,intervention,warn,True,False,True,True,True,False,True,True,False,False,False,True,True,intervention_reaffirm,,,,,True,pass,True,True,50122.0,61422.0,67053.0,19514,3638
medqa_text::dev-00281,medqa_text,intervention,warn,True,False,False,False,False,False,True,True,False,False,True,False,False,none,,,,,,not_triggered_expected,True,True,66703.0,55599.0,,5689,2405
medqa_text::dev-00987,medqa_text,control,draft,True,False,True,,,False,False,True,False,False,False,False,False,none,,,,,,not_triggered_expected,True,True,560977.0,23287.0,,5551,6287
medqa_text::dev-00175,medqa_text,intervention,warn,True,False,True,True,True,False,True,True,False,False,False,True,True,intervention_reaffirm,,,,,False,fail,False,True,225634.0,57377.0,25381.0,12186,6775
medqa_text::dev-00985,medqa_text,intervention,warn,True,False,False,False,False,False,True,True,False,False,True,False,False,none,,,,,,not_triggered_expected,True,True,583906.0,69392.0,,5559,8936
medqa_text::dev-00344,medqa_text,control,draft,True,False,True,,,True,True,True,False,False,False,True,True,none,,,,,,not_triggered_expected,True,True,49817.0,48272.0,,5538,1999
medqa_text::dev-00385,medqa_text,intervention,warn,False,True,False,False,False,False,True,True,False,False,True,False,False,none,,,,,,not_triggered_expected,True,True,602295.0,,,396,7453
medqa_text::dev-00432,medqa_text,control,draft,True,False,True,,,True,True,True,False,False,False,True,True,none,,,,,,not_triggered_expected,True,True,51694.0,44205.0,,5495,1978
medqa_text::dev-00152,medqa_text,intervention,warn,True,False,False,False,False,False,True,True,False,False,True,False,False,none,,,,,,not_triggered_expected,True,True,48860.0,37063.0,,5257,1717
medqa_text::dev-00009,medqa_text,control,draft,True,False,True,,,False,False,True,False,False,False,False,False,none,,,,,,not_triggered_expected,True,True,88205.0,28567.0,,5189,2591
medqa_text::dev-00646,medqa_text,control,draft,True,False,False,,,False,False,False,False,True,False,False,False,control_recovery,True,False,True,False,False,fail,False,True,535433.0,33226.0,37164.0,19829,7524
medqa_text::dev-00969,medqa_text,intervention,warn,True,False,True,False,False,False,True,True,False,False,False,False,False,none,,,,,,not_triggered_expected,True,True,303821.0,45154.0,,8770,7720
medqa_text::dev-00568,medqa_text,intervention,warn,True,False,True,True,True,False,True,True,False,False,False,True,True,intervention_reaffirm,,,,,True,pass,True,True,570057.0,36120.0,33852.0,18994,8599
medqa_text::dev-00233,medqa_text,control,draft,True,False,False,,,False,False,True,False,False,False,False,False,none,,,,,,not_triggered_expected,True,True,68322.0,35907.0,,5573,2297
medqa_text::dev-00167,medqa_text,intervention,warn,True,False,True,True,True,False,True,True,False,False,False,True,True,intervention_reaffirm,,,,,True,pass,True,True,228725.0,92173.0,64714.0,22991,8570
medqa_text::dev-00502,medqa_text,intervention,warn,True,False,False,False,False,False,True,True,False,False,True,False,False,none,,,,,,not_triggered_expected,True,True,180682.0,45144.0,,5574,5166
medqa_text::dev-00697,medqa_text,intervention,warn,True,False,True,False,False,False,True,True,False,False,False,False,False,none,,,,,,not_triggered_expected,True,True,313044.0,62685.0,,9367,8584
medqa_text::dev-00919,medqa_text,intervention,warn,True,False,False,False,False,False,True,True,False,False,True,False,False,none,,,,,,not_triggered_expected,True,True,77953.0,78856.0,,5598,3731
medqa_text::dev-00317,medqa_text,control,draft,True,False,True,,,True,True,True,False,False,False,True,True,none,,,,,,not_triggered_expected,True,True,82057.0,50195.0,,6021,3178
medqa_text::dev-00656,medqa_text,control,draft,True,False,False,,,False,False,False,False,True,False,False,False,control_recovery,False,False,True,False,False,fail,False,True,124161.0,69348.0,56845.0,23813,5034
medqa_text::dev-00731,medqa_text,intervention,warn,True,False,True,False,False,False,True,True,False,False,False,False,False,none,,,,,,not_triggered_expected,True,True,179872.0,62894.0,,8908,5424
medqa_text::dev-01100,medqa_text,intervention,warn,True,False,False,False,False,False,True,True,False,False,True,False,False,none,,,,,,not_triggered_expected,True,True,51353.0,76467.0,,8306,3086
medqa_text::dev-00880,medqa_text,intervention,warn,True,False,True,True,True,False,True,True,False,False,False,True,True,intervention_reaffirm,,,,,True,pass,True,True,140512.0,58757.0,45403.0,19863,5418
medqa_text::dev-01069,medqa_text,control,draft,True,False,False,,,False,False,False,False,True,False,False,False,control_recovery,False,False,True,False,False,fail,False,True,151297.0,50686.0,53817.0,19451,5720
medqa_text::dev-00473,medqa_text,control,draft,True,False,True,,,True,True,True,False,False,False,True,True,none,,,,,,not_triggered_expected,True,True,42792.0,30727.0,,5507,1768
medqa_text::dev-00090,medqa_text,control,draft,True,False,True,,,True,True,True,False,False,False,True,True,none,,,,,,not_triggered_expected,True,True,254957.0,41550.0,,8230,6756
medqa_text::dev-00529,medqa_text,intervention,warn,True,False,False,False,False,False,True,True,False,False,True,False,False,none,,,,,,not_triggered_expected,True,True,72932.0,40297.0,,5524,2727
medqa_text::dev-01143,medqa_text,control,draft,True,False,False,,,False,False,False,False,True,False,False,False,control_recovery,True,True,True,True,True,pass,True,True,78669.0,53274.0,30890.0,18668,3392
medqa_text::dev-00981,medqa_text,intervention,warn,True,False,False,False,False,False,True,True,False,False,True,False,False,none,,,,,,not_triggered_expected,True,True,62116.0,38405.0,,5555,2257
medqa_text::dev-00051,medqa_text,intervention,warn,True,False,False,False,False,False,True,True,False,False,True,False,False,none,,,,,,not_triggered_expected,True,True,48040.0,68755.0,,5614,2599
medqa_text::dev-00583,medqa_text,control,draft,True,False,True,,,True,True,True,False,False,False,True,True,none,,,,,,not_triggered_expected,True,True,47783.0,28279.0,,5135,1746
medqa_text::dev-00023,medqa_text,control,draft,True,False,False,,,False,False,False,False,True,False,False,False,control_recovery,True,True,True,True,True,pass,True,True,70296.0,71108.0,66812.0,18477,4350
medqa_text::dev-00614,medqa_text,intervention,warn,True,False,True,True,True,False,True,True,False,False,False,True,True,intervention_reaffirm,,,,,True,pass,True,True,226193.0,49238.0,41953.0,19063,7147
medqa_text::dev-01225,medqa_text,control,draft,True,False,True,,,True,True,True,False,False,False,True,True,none,,,,,,not_triggered_expected,True,True,20729.0,58386.0,,8758,1554
medqa_text::dev-00101,medqa_text,control,draft,True,False,True,,,True,True,True,False,False,False,True,True,none,,,,,,not_triggered_expected,True,True,103989.0,32105.0,,5366,2901
medqa_text::dev-01150,medqa_text,control,draft,True,False,False,,,False,False,False,False,True,False,False,False,control_recovery,True,True,True,True,True,pass,True,True,45576.0,54344.0,59852.0,20284,3200
medqa_text::dev-00426,medqa_text,control,draft,True,False,False,,,False,False,False,False,True,False,False,False,control_recovery,False,False,True,False,False,fail,False,True,269790.0,32535.0,11844.0,11750,7551
medqa_text::dev-00766,medqa_text,control,draft,True,False,False,,,False,False,False,False,True,False,False,False,control_recovery,False,False,True,False,False,fail,False,True,73343.0,58859.0,20676.0,11803,3189
medqa_text::dev-00579,medqa_text,intervention,warn,True,False,False,False,False,False,True,True,False,False,True,False,False,none,,,,,,not_triggered_expected,True,True,130695.0,68770.0,,8449,4316
medqa_text::dev-00765,medqa_text,control,draft,True,False,False,,,False,False,False,False,True,False,False,False,control_recovery,False,False,True,False,False,fail,False,True,68493.0,63234.0,19827.0,11810,3032
medqa_text::dev-00548,medqa_text,intervention,warn,True,False,True,True,True,False,True,True,False,False,False,True,True,intervention_reaffirm,,,,,False,fail,False,True,87088.0,35609.0,15821.0,11855,2768
medqa_text::dev-00948,medqa_text,control,draft,True,False,False,,,False,False,False,False,True,False,False,False,control_recovery,True,True,True,True,True,pass,True,True,120042.0,60068.0,30611.0,18414,4492
medqa_text::dev-00859,medqa_text,control,draft,True,False,True,,,False,False,True,False,False,False,False,False,none,,,,,,not_triggered_expected,True,True,224672.0,26736.0,,5351,6095
medqa_text::dev-00566,medqa_text,control,draft,True,False,True,,,True,True,True,False,False,False,True,True,none,,,,,,not_triggered_expected,True,True,74603.0,115105.0,,5755,4365
medqa_text::dev-00399,medqa_text,control,draft,True,False,False,,,False,False,False,False,True,False,False,False,control_recovery,True,True,True,True,True,pass,True,True,101743.0,34685.0,56127.0,23428,4141
medqa_text::dev-00155,medqa_text,control,draft,True,False,False,,,False,False,False,False,True,False,False,False,control_recovery,True,True,True,True,True,pass,True,True,150661.0,63261.0,35977.0,27519,6062
medqa_text::dev-00553,medqa_text,control,draft,True,False,False,,,False,False,False,False,True,False,False,False,none,,,,,,not_triggered_expected,True,False,124658.0,50496.0,,9114,4000
medqa_text::dev-00026,medqa_text,control,draft,False,True,False,,,False,False,True,False,False,False,False,False,none,,,,,,not_triggered_expected,True,True,329328.0,,,405,9626
